Zip Code,Area Code,City,County,State,Country,LivabilityScore,Housing,Neighborhood,Transportation,Environment,Health,Engagement,Opportunity,2012 percent
36310,334,ABBEVILLE,HENRY,"Alabama, AL",US,46,61,42,31,60,21,58,47,16.7
35440,205,ABERNANT,TUSCALOOSA,"Alabama, AL",US,48,55,37,35,71,32,60,43,11.2
35005,205,ADAMSVILLE,JEFFERSON,"Alabama, AL",US,46,50,38,27,48,51,61,51,12.3
35540,256,ADDISON,WINSTON,"Alabama, AL",US,46,62,28,40,60,27,56,46,12.2
35006,205,ADGER,JEFFERSON,"Alabama, AL",US,49,52,43,41,52,48,61,44,12.3
35441,205,AKRON,HALE,"Alabama, AL",US,38,68,25,36,60,17,45,14,17.2
35007,205,ALABASTER,SHELBY,"Alabama, AL",US,50,26,45,42,65,49,55,65,8.6
36720,334,ALBERTA,WILCOX,"Alabama, AL",US,36,56,28,34,42,16,53,22,20.1
35950,256,ALBERTVILLE,MARSHALL,"Alabama, AL",US,47,59,45,46,52,26,52,50,13.5
35951,256,ALBERTVILLE,MARSHALL,"Alabama, AL",US,,,,,,,,,13.5
35010,256,ALEXANDER CITY,TALLAPOOSA,"Alabama, AL",US,47,62,40,47,43,35,61,42,14.4
35011,256,ALEXANDER CITY,TALLAPOOSA,"Alabama, AL",US,,,,,,,,,14.4
36250,256,ALEXANDRIA,CALHOUN,"Alabama, AL",US,44,52,32,28,60,34,59,45,14.3
35442,205,ALICEVILLE,PICKENS,"Alabama, AL",US,38,69,32,41,29,15,51,26,17.8
35013,205,ALLGOOD,BLOUNT,"Alabama, AL",US,44,41,40,26,60,21,42,64,13.8
36501,334,ALMA,CLARKE,"Alabama, AL",US,43,65,30,40,40,21,74,34,15.8
35014,256,ALPINE,TALLADEGA,"Alabama, AL",US,47,66,26,26,80,20,59,52,13.6
35015,205,ALTON,JEFFERSON,"Alabama, AL",US,49,52,43,41,52,48,61,44,12.3
35952,205,ALTOONA,ETOWAH,"Alabama, AL",US,47,69,25,26,63,28,59,60,15.1
36420,334,ANDALUSIA,COVINGTON,"Alabama, AL",US,49,62,39,46,61,29,64,42,15.5
36421,334,ANDALUSIA,COVINGTON,"Alabama, AL",US,,,,,,,,,15.5
35610,256,ANDERSON,LAUDERDALE,"Alabama, AL",US,47,60,26,34,60,32,60,57,13
36721,334,ANNEMANIE,WILCOX,"Alabama, AL",US,36,56,28,34,42,16,53,22,20.1
36201,256,ANNISTON,CALHOUN,"Alabama, AL",US,46,62,40,42,53,34,61,34,14.3
36202,256,ANNISTON,CALHOUN,"Alabama, AL",US,,,,,,,,,14.3
36204,256,ANNISTON,CALHOUN,"Alabama, AL",US,,,,,,,,,14.3
36205,256,ANNISTON,CALHOUN,"Alabama, AL",US,,,,,,,,,14.3
36206,256,ANNISTON,CALHOUN,"Alabama, AL",US,,,,,,,,,14.3
36207,256,ANNISTON,CALHOUN,"Alabama, AL",US,,,,,,,,,14.3
36210,256,ANNISTON,CALHOUN,"Alabama, AL",US,,,,,,,,,14.3
35016,256,ARAB,MARSHALL,"Alabama, AL",US,48,60,38,43,61,24,51,57,13.5
35739,256,ARDMORE,LIMESTONE,"Alabama, AL",US,53,59,46,47,61,39,54,62,11.9
36311,334,ARITON,DALE,"Alabama, AL",US,47,67,40,28,58,28,58,47,14.5
35541,205,ARLEY,WINSTON,"Alabama, AL",US,44,57,26,37,60,26,56,42,12.2
36722,334,ARLINGTON,WILCOX,"Alabama, AL",US,33,51,25,30,42,11,53,22,20.1
36312,334,ASHFORD,HOUSTON,"Alabama, AL",US,48,58,32,33,76,24,66,48,14
36251,256,ASHLAND,CLAY,"Alabama, AL",US,46,72,34,46,56,19,50,43,14.3
35611,256,ATHENS,LIMESTONE,"Alabama, AL",US,51,57,46,45,55,36,58,59,11.9
35612,256,ATHENS,LIMESTONE,"Alabama, AL",US,,,,,,,,,11.9
35613,256,ATHENS,LIMESTONE,"Alabama, AL",US,,,,,,,,,11.9
35614,256,ATHENS,LIMESTONE,"Alabama, AL",US,,,,,,,,,11.9
36502,251,ATMORE,ESCAMBIA,"Alabama, AL",US,44,58,43,46,52,15,48,46,16.1
36503,251,ATMORE,ESCAMBIA,"Alabama, AL",US,,,,,,,,,16.1
36504,251,ATMORE,ESCAMBIA,"Alabama, AL",US,,,,,,,,,16.1
35954,256,ATTALLA,ETOWAH,"Alabama, AL",US,48,69,41,33,59,30,61,45,15.1
36830,334,AUBURN,LEE,"Alabama, AL",US,46,58,45,60,30,46,50,36,9.7
36831,334,AUBURN,LEE,"Alabama, AL",US,,,,,,,,,9.7
36832,334,AUBURN,LEE,"Alabama, AL",US,,,,,,,,,9.7
36830,334,AUBURN,LEE,"Alabama, AL",US,,,,,,,,,9.7
36831,334,AUBURN,LEE,"Alabama, AL",US,,,,,,,,,9.7
36832,334,AUBURN,LEE,"Alabama, AL",US,,,,,,,,,9.7
36849,334,AUBURN UNIVERSITY,LEE,"Alabama, AL",US,44,51,47,60,36,46,50,22,9.7
36849,334,AUBURN UNIVERSITY,LEE,"Alabama, AL",US,,,,,,,,,9.7
36003,334,AUTAUGAVILLE,AUTAUGA,"Alabama, AL",USA,46,64,25,29,60,36,63,42,12
36505,334,AXIS,MOBILE,"Alabama, AL",US,50,63,38,55,50,32,65,44,13.9
35019,256,BAILEYTON,CULLMAN,"Alabama, AL",US,43,54,26,35,60,27,55,45,13.7
36005,334,BANKS,PIKE,"Alabama, AL",US,44,64,19,31,60,36,59,37,14
35542,205,BANKSTON,FAYETTE,"Alabama, AL",US,44,66,32,44,60,21,48,40,15.8
36507,251,BAY MINETTE,BALDWIN,"Alabama, AL",US,53,63,46,55,56,49,63,37,10.8
36509,251,BAYOU LA BATRE,MOBILE,"Alabama, AL",US,50,76,33,53,55,32,60,39,13.9
35543,205,BEAR CREEK,MARION,"Alabama, AL",US,42,68,29,35,58,14,57,35,16.6
36425,251,BEATRICE,MONROE,"Alabama, AL",US,38,59,17,36,26,26,53,46,16.1
35544,205,BEAVERTON,LAMAR,"Alabama, AL",US,50,66,32,64,60,18,71,36,16.1
35545,205,BELK,FAYETTE,"Alabama, AL",US,45,79,29,45,56,22,48,34,15.8
35615,256,BELLE MINA,LIMESTONE,"Alabama, AL",US,48,52,38,38,59,36,57,57,11.9
36313,334,BELLWOOD,GENEVA,"Alabama, AL",US,53,64,49,60,40,32,70,56,14.7
35546,205,BERRY,FAYETTE,"Alabama, AL",US,46,75,35,38,60,20,48,46,15.8
35020,205,BESSEMER,JEFFERSON,"Alabama, AL",US,45,55,41,40,50,41,61,30,12.3
35021,205,BESSEMER,JEFFERSON,"Alabama, AL",US,,,,,,,,,12.3
35022,205,BESSEMER,JEFFERSON,"Alabama, AL",US,,,,,,,,,12.3
35023,205,BESSEMER,JEFFERSON,"Alabama, AL",US,,,,,,,,,12.3
36006,205,BILLINGSLEY,AUTAUGA,"Alabama, AL",US,46,59,25,31,60,34,63,46,12
35201,205,BIRMINGHAM,JEFFERSON,"Alabama, AL",US,50,58,50,47,52,47,61,36,12.3
36314,334,BLACK,GENEVA,"Alabama, AL",US,41,59,27,32,60,21,43,46,14.7
35031,205,BLOUNTSVILLE,BLOUNT,"Alabama, AL",US,45,52,35,34,59,33,42,61,13.8
35956,256,BOAZ,ETOWAH,"Alabama, AL",US,49,64,46,48,54,26,51,55,15.1
35957,256,BOAZ,MARSHALL,"Alabama, AL",US,,,,,,,,,13.5
35443,205,BOLIGEE,GREENE,"Alabama, AL",US,32,85,19,12,28,6,57,16,21
35032,256,BON AIR,TALLADEGA,"Alabama, AL",US,52,77,36,37,78,31,59,48,13.6
36511,251,BON SECOUR,BALDWIN,"Alabama, AL",US,49,54,36,44,60,48,64,40,10.8
36008,334,BOOTH,AUTAUGA,"Alabama, AL",US,46,58,37,34,57,34,64,41,12
36723,334,BOYKIN,WILCOX,"Alabama, AL",US,40,64,19,34,51,25,48,37,20.1
36723,334,BOYKIN,WILCOX,"Alabama, AL",US,,,,,,,,,20.1
36009,334,BRANTLEY,CRENSHAW,"Alabama, AL",US,42,66,27,36,60,17,49,39,15.4
35033,256,BREMEN,CULLMAN,"Alabama, AL",US,44,52,34,39,56,27,55,46,13.7
35034,205,BRENT,BIBB,"Alabama, AL",US,41,46,38,41,61,16,34,48,13.2
36426,251,BREWTON,ESCAMBIA,"Alabama, AL",US,44,57,39,48,42,25,48,48,16.1
36427,251,BREWTON,ESCAMBIA,"Alabama, AL",US,,,,,,,,,16.1
35740,256,BRIDGEPORT,JACKSON,"Alabama, AL",US,43,62,41,39,37,23,49,51,14.3
35035,205,BRIERFIELD,BIBB,"Alabama, AL",US,39,43,31,34,57,17,34,53,13.2
35548,205,BRILLIANT,MARION,"Alabama, AL",US,46,78,31,42,60,21,57,30,16.6
36429,334,BROOKLYN,CONECUH,"Alabama, AL",US,41,64,19,41,50,7,70,27,17.8
35036,205,BROOKSIDE,JEFFERSON,"Alabama, AL",US,46,53,29,26,57,51,62,45,12.3
35444,205,BROOKWOOD,TUSCALOOSA,"Alabama, AL",US,46,51,29,29,77,32,61,46,11.2
35741,256,BROWNSBORO,MADISON,"Alabama, AL",US,53,52,42,46,67,51,64,48,11.7
36010,334,BRUNDIDGE,PIKE,"Alabama, AL",US,47,72,32,32,60,36,59,38,14
35958,256,BRYANT,JACKSON,"Alabama, AL",US,43,63,33,35,42,28,52,47,14.3
36512,334,BUCKS,MOBILE,"Alabama, AL",US,50,63,38,55,50,32,65,44,13.9
35446,205,BUHL,TUSCALOOSA,"Alabama, AL",US,48,55,37,35,71,32,60,43,11.2
35038,205,BURNWELL,WALKER,"Alabama, AL",US,45,50,26,24,70,41,55,46,15.5
36253,256,BYNUM,CALHOUN,"Alabama, AL",US,45,63,34,27,44,34,61,53,14.3
35040,205,CALERA,SHELBY,"Alabama, AL",US,47,29,40,36,54,49,54,65,8.6
36513,334,CALVERT,WASHINGTON,"Alabama, AL",US,50,63,38,55,50,32,65,44,16.3
36726,334,CAMDEN,WILCOX,"Alabama, AL",US,39,60,41,40,43,20,53,19,20.1
36727,334,CAMPBELL,CLARKE,"Alabama, AL",US,46,73,19,62,43,23,72,29,15.8
35742,256,CAPSHAW,LIMESTONE,"Alabama, AL",US,48,52,38,38,59,36,57,57,11.9
35549,205,CARBON HILL,WALKER,"Alabama, AL",US,48,52,34,44,81,25,51,53,15.5
35041,205,CARDIFF,JEFFERSON,"Alabama, AL",US,45,50,26,24,54,51,64,43,12.3
36515,334,CARLTON,CLARKE,"Alabama, AL",US,43,65,30,40,40,21,74,34,15.8
35447,205,CARROLLTON,PICKENS,"Alabama, AL",US,38,71,32,40,30,15,51,29,17.8
36432,251,CASTLEBERRY,CONECUH,"Alabama, AL",US,40,66,22,20,60,13,70,29,17.8
36728,334,CATHERINE,WILCOX,"Alabama, AL",US,36,56,28,34,42,16,53,22,20.1
36013,334,CECIL,MONTGOMERY,"Alabama, AL",US,55,67,41,43,69,38,68,56,13.8
35959,256,CEDAR BLUFF,CHEROKEE,"Alabama, AL",US,42,62,35,37,60,26,50,22,14.9
35960,256,CENTRE,CHEROKEE,"Alabama, AL",US,55,54,50,52,66,57,54,55,14.9
35042,205,CENTREVILLE,BIBB,"Alabama, AL",US,40,51,35,36,59,16,34,48,13.2
36316,334,CHANCELLOR,GENEVA,"Alabama, AL",US,43,59,34,40,60,18,43,46,14.7
36015,334,CHAPMAN,BUTLER,"Alabama, AL",US,40,68,30,37,26,17,66,39,16.4
36518,251,CHATOM,WASHINGTON,"Alabama, AL",US,42,53,33,58,39,20,59,33,16.3
35043,205,CHELSEA,SHELBY,"Alabama, AL",US,49,22,42,37,63,55,56,67,8.6
35616,256,CHEROKEE,COLBERT,"Alabama, AL",US,51,60,44,31,77,31,62,54,16.8
35044,256,CHILDERSBURG,TALLADEGA,"Alabama, AL",US,48,66,34,32,71,31,59,45,13.6
36254,256,CHOCCOLOCCO,CALHOUN,"Alabama, AL",US,46,58,35,36,56,33,60,45,14.3
36521,251,CHUNCHULA,MOBILE,"Alabama, AL",US,50,63,38,55,50,32,65,44,13.9
36522,251,CITRONELLE,MOBILE,"Alabama, AL",US,48,71,28,51,55,32,60,42,13.9
35045,205,CLANTON,CHILTON,"Alabama, AL",US,42,39,38,38,56,22,42,58,13.2
35046,205,CLANTON,CHILTON,"Alabama, AL",US,,,,,,,,,13.2
35048,205,CLAY,JEFFERSON,"Alabama, AL",US,47,45,34,32,61,51,60,44,12.3
36016,334,CLAYTON,BARBOUR,"Alabama, AL",US,41,68,27,60,29,14,52,33,16.2
35049,205,CLEVELAND,BLOUNT,"Alabama, AL",US,45,42,38,29,60,33,42,72,13.8
35448,205,CLINTON,GREENE,"Alabama, AL",US,33,82,25,26,21,5,57,17,21
36017,334,CLIO,BARBOUR,"Alabama, AL",US,38,72,26,42,29,14,52,29,16.2
36317,334,CLOPTON,HENRY,"Alabama, AL",US,47,60,36,41,60,25,59,46,16.7
35617,256,CLOVERDALE,LAUDERDALE,"Alabama, AL",US,46,72,36,39,38,32,60,49,13
35449,205,COALING,TUSCALOOSA,"Alabama, AL",US,45,53,31,19,69,32,64,44,11.2
36523,251,CODEN,MOBILE,"Alabama, AL",US,50,63,38,55,50,32,65,44,13.9
36318,334,COFFEE SPRINGS,GENEVA,"Alabama, AL",US,39,54,25,38,60,18,43,35,14.7
36524,251,COFFEEVILLE,CLARKE,"Alabama, AL",US,41,70,23,34,43,23,72,24,15.8
35452,205,COKER,TUSCALOOSA,"Alabama, AL",US,44,57,28,19,62,32,57,54,11.2
36319,334,COLUMBIA,HOUSTON,"Alabama, AL",US,52,69,42,43,77,24,66,44,14
35051,205,COLUMBIANA,SHELBY,"Alabama, AL",US,50,38,37,36,69,50,54,68,8.6
36020,334,COOSADA,ELMORE,"Alabama, AL",US,46,55,43,30,61,33,55,43,12.6
35550,205,CORDOVA,WALKER,"Alabama, AL",US,45,48,32,28,78,25,51,51,15.5
35453,205,COTTONDALE,TUSCALOOSA,"Alabama, AL",US,51,64,40,36,78,32,64,43,11.2
36320,334,COTTONWOOD,HOUSTON,"Alabama, AL",US,49,60,26,41,76,24,66,48,14
35618,256,COURTLAND,LAWRENCE,"Alabama, AL",US,44,64,34,26,71,17,48,47,15.7
36321,334,COWARTS,HOUSTON,"Alabama, AL",US,49,55,29,40,77,24,66,52,14
36435,334,COY,WILCOX,"Alabama, AL",US,36,56,28,34,42,16,53,22,20.1
36255,256,CRAGFORD,CLAY,"Alabama, AL",US,45,70,33,41,58,18,48,47,14.3
35053,256,CRANE HILL,CULLMAN,"Alabama, AL",US,44,52,34,39,56,27,55,46,13.7
36525,251,CREOLA,MOBILE,"Alabama, AL",US,43,65,26,39,26,32,63,51,13.9
35055,256,CULLMAN,CULLMAN,"Alabama, AL",US,,,,,,,,,13.7
35056,256,CULLMAN,CULLMAN,"Alabama, AL",US,,,,,,,,,13.7
35057,256,CULLMAN,CULLMAN,"Alabama, AL",US,,,,,,,,,13.7
35058,256,CULLMAN,CULLMAN,"Alabama, AL",US,49,57,47,50,54,27,56,50,13.7
36322,334,DALEVILLE,DALE,"Alabama, AL",US,50,64,42,45,61,23,58,54,14.5
35619,256,DANVILLE,MORGAN,"Alabama, AL",US,46,58,26,26,75,32,59,44,13.6
36526,251,DAPHNE,BALDWIN,"Alabama, AL",US,52,49,44,53,57,49,65,44,10.8
36528,251,DAUPHIN ISLAND,MOBILE,"Alabama, AL",US,48,58,33,59,56,32,60,38,13.9
36256,256,DAVISTON,TALLAPOOSA,"Alabama, AL",US,41,62,19,28,44,37,61,36,14.4
36257,256,DE ARMANVILLE,CALHOUN,"Alabama, AL",US,47,56,37,42,57,35,59,46,14.3
36022,334,DEATSVILLE,ELMORE,"Alabama, AL",US,43,49,37,37,61,31,55,31,12.6
35601,256,DECATUR,MORGAN,"Alabama, AL",US,,,,,,,,,13.6
35602,256,DECATUR,MORGAN,"Alabama, AL",US,,,,,,,,,13.6
35603,256,DECATUR,MORGAN,"Alabama, AL",US,,,,,,,,,13.6
35609,256,DECATUR,MORGAN,"Alabama, AL",US,,,,,,,,,13.6
35699,256,DECATUR,MORGAN,"Alabama, AL",US,50,59,45,44,68,35,59,41,13.6
36529,251,DEER PARK,WASHINGTON,"Alabama, AL",US,39,51,25,40,38,20,59,38,16.3
35551,205,DELMAR,WINSTON,"Alabama, AL",US,45,65,30,40,60,20,56,46,12.2
36258,256,DELTA,CLAY,"Alabama, AL",US,45,70,33,41,58,18,48,47,14.3
36732,334,DEMOPOLIS,MARENGO,"Alabama, AL",US,,,,,,,,,18.5
36732,334,DEMOPOLIS,MARENGO,"Alabama, AL",US,48,63,44,48,46,17,76,43,18.5
35552,205,DETROIT,LAMAR,"Alabama, AL",US,47,77,30,31,60,18,71,39,16.1
36436,334,DICKINSON,CLARKE,"Alabama, AL",US,43,65,30,40,40,21,74,34,15.8
36736,334,DIXONS MILLS,MARENGO,"Alabama, AL",US,,,,,,,,,18.5
36736,334,DIXONS MILLS,MARENGO,"Alabama, AL",US,46,65,30,40,55,17,76,41,18.5
35060,205,DOCENA,JEFFERSON,"Alabama, AL",US,49,52,43,41,52,48,61,44,12.3
35061,205,DOLOMITE,JEFFERSON,"Alabama, AL",US,45,54,35,34,31,46,63,50,12.3
35062,205,DORA,JEFFERSON,"Alabama, AL",US,45,41,35,34,72,33,51,49,12.3
36301,334,DOTHAN,HOUSTON,"Alabama, AL",US,,,,,,,,,14
36302,334,DOTHAN,HOUSTON,"Alabama, AL",US,,,,,,,,,14
36303,334,DOTHAN,HOUSTON,"Alabama, AL",US,,,,,,,,,14
36304,334,DOTHAN,HOUSTON,"Alabama, AL",US,,,,,,,,,14
36305,334,DOTHAN,HOUSTON,"Alabama, AL",US,49,57,40,47,68,24,68,41,14
35553,205,DOUBLE SPRINGS,WINSTON,"Alabama, AL",US,44,61,34,33,60,15,56,49,12.2
35964,256,DOUGLAS,MARSHALL,"Alabama, AL",US,47,61,33,41,60,26,55,50,13.5
36028,334,DOZIER,CRENSHAW,"Alabama, AL",US,45,73,26,43,60,17,49,46,15.4
35456,205,DUNCANVILLE,TUSCALOOSA,"Alabama, AL",US,48,55,37,35,71,32,60,43,11.2
35744,256,DUTTON,JACKSON,"Alabama, AL",US,43,61,29,39,45,27,48,51,14.3
36023,334,EAST TALLASSEE,TALLAPOOSA,"Alabama, AL",US,46,63,43,45,52,23,58,36,14.4
36260,256,EASTABOGA,CALHOUN,"Alabama, AL",US,46,58,35,36,56,33,60,45,14.3
35457,205,ECHOLA,TUSCALOOSA,"Alabama, AL",US,48,55,37,35,71,32,60,43,11.2
36024,334,ECLECTIC,ELMORE,"Alabama, AL",US,45,63,34,34,61,33,55,39,12.6
36261,256,EDWARDSVILLE,CLEBURNE,"Alabama, AL",US,39,58,30,34,41,24,44,40,13.3
36613,251,EIGHT MILE,MOBILE,"Alabama, AL",US,50,63,38,56,56,32,68,41,13.9
36323,334,ELBA,COFFEE,"Alabama, AL",US,51,64,32,48,61,33,68,50,14
36530,251,ELBERTA,BALDWIN,"Alabama, AL",US,49,57,31,38,66,47,63,40,10.8
35554,205,ELDRIDGE,WALKER,"Alabama, AL",US,45,49,28,28,80,25,51,52,15.5
35620,256,ELKMONT,LIMESTONE,"Alabama, AL",US,48,52,30,36,60,36,57,62,11.9
36025,334,ELMORE,ELMORE,"Alabama, AL",US,46,60,36,42,61,33,55,36,12.6
35458,205,ELROD,TUSCALOOSA,"Alabama, AL",US,48,55,37,35,71,32,60,43,11.2
35459,205,EMELLE,SUMTER,"Alabama, AL",US,43,64,22,29,56,18,73,36,16
35063,205,EMPIRE,WALKER,"Alabama, AL",US,45,43,32,34,76,26,51,53,15.5
36330,334,ENTERPRISE,COFFEE,"Alabama, AL",US,,,,,,,,,14
36331,334,ENTERPRISE,COFFEE,"Alabama, AL",US,52,58,40,49,61,37,68,50,14
35460,205,EPES,SUMTER,"Alabama, AL",US,45,78,28,33,56,17,73,30,16
36026,256,EQUALITY,COOSA,"Alabama, AL",US,40,53,35,34,60,15,48,36,16.7
35745,256,ESTILLFORK,JACKSON,"Alabama, AL",US,43,63,33,35,42,28,52,47,14.3
35461,205,ETHELSVILLE,PICKENS,"Alabama, AL",US,37,67,29,37,30,25,51,22,17.8
36027,334,EUFAULA,BARBOUR,"Alabama, AL",US,,,,,,,,,16.2
36072,334,EUFAULA,BARBOUR,"Alabama, AL",US,40,66,41,49,18,15,52,39,16.2
35462,205,EUTAW,GREENE,"Alabama, AL",US,35,87,33,21,25,6,57,15,21
35621,256,EVA,MORGAN,"Alabama, AL",US,47,53,29,33,75,36,59,45,13.6
36401,251,EVERGREEN,CONECUH,"Alabama, AL",US,45,67,39,35,60,7,76,28,17.8
36439,251,EXCEL,MONROE,"Alabama, AL",US,42,51,27,40,60,26,53,37,16.1
35746,256,FACKLER,JACKSON,"Alabama, AL",US,43,63,33,35,42,28,52,47,14.3
35064,205,FAIRFIELD,JEFFERSON,"Alabama, AL",US,49,55,49,47,50,46,62,32,12.3
36532,251,FAIRHOPE,BALDWIN,"Alabama, AL",US,,,,,,,,,10.8
36533,251,FAIRHOPE,BALDWIN,"Alabama, AL",US,54,53,47,58,64,54,63,36,10.8
35622,256,FALKVILLE,MORGAN,"Alabama, AL",US,46,60,44,25,66,33,59,33,13.6
36738,334,FAUNSDALE,MARENGO,"Alabama, AL",US,,,,,,,,,18.5
36738,334,FAUNSDALE,MARENGO,"Alabama, AL",US,43,70,22,27,60,17,76,27,18.5
35555,205,FAYETTE,FAYETTE,"Alabama, AL",US,47,63,44,53,59,22,48,41,15.8
36029,334,FITZPATRICK,BULLOCK,"Alabama, AL",US,38,68,31,37,35,16,50,30,18.6
35966,256,FLAT ROCK,JACKSON,"Alabama, AL",US,45,50,35,25,80,15,48,59,14.3
36441,251,FLOMATON,ESCAMBIA,"Alabama, AL",US,40,61,30,32,51,16,48,45,16.1
36442,334,FLORALA,COVINGTON,"Alabama, AL",US,50,63,45,48,61,15,64,53,15.5
35630,256,FLORENCE,LAUDERDALE,"Alabama, AL",US,,,,,,,,,13
35631,256,FLORENCE,LAUDERDALE,"Alabama, AL",US,,,,,,,,,13
35632,256,FLORENCE,LAUDERDALE,"Alabama, AL",US,,,,,,,,,13
35633,256,FLORENCE,LAUDERDALE,"Alabama, AL",US,,,,,,,,,13
35634,256,FLORENCE,LAUDERDALE,"Alabama, AL",US,50,63,46,51,58,32,61,37,13
36535,251,FOLEY,BALDWIN,"Alabama, AL",US,,,,,,,,,10.8
36536,251,FOLEY,BALDWIN,"Alabama, AL",US,49,62,38,42,53,47,63,36,10.8
36030,334,FOREST HOME,BUTLER,"Alabama, AL",US,40,68,30,37,26,17,66,39,16.4
36740,334,FORKLAND,GREENE,"Alabama, AL",US,,,,,,,,,21
36740,334,FORKLAND,GREENE,"Alabama, AL",US,34,84,18,34,21,4,57,22,21
36031,334,FORT DAVIS,MACON,"Alabama, AL",US,45,70,29,41,59,27,58,31,17.8
36032,334,FORT DEPOSIT,LOWNDES,"Alabama, AL",US,38,67,34,25,58,17,55,11,23.5
36362,334,FORT RUCKER,DALE,"Alabama, AL",US,44,54,36,50,56,23,58,33,14.5
35463,205,FOSTERS,TUSCALOOSA,"Alabama, AL",US,48,55,37,35,71,32,60,43,11.2
36444,251,FRANKLIN,MONROE,"Alabama, AL",US,41,62,22,34,49,28,58,32,16.1
36538,251,FRANKVILLE,WASHINGTON,"Alabama, AL",US,39,51,25,40,38,20,59,38,16.3
36445,251,FRISCO CITY,MONROE,"Alabama, AL",US,44,59,26,62,60,26,53,38,16.1
36539,334,FRUITDALE,WASHINGTON,"Alabama, AL",US,39,51,25,40,38,20,59,38,16.3
36262,256,FRUITHURST,CLEBURNE,"Alabama, AL",US,40,53,25,36,48,26,44,47,13.3
36446,251,FULTON,CLARKE,"Alabama, AL",US,36,64,25,24,9,20,72,37,15.8
35068,205,FULTONDALE,JEFFERSON,"Alabama, AL",US,48,55,41,30,49,50,61,51,12.3
36741,334,FURMAN,WILCOX,"Alabama, AL",US,,,,,,,,,20.1
36741,334,FURMAN,WILCOX,"Alabama, AL",US,36,56,28,34,42,16,53,22,20.1
35901,256,GADSDEN,ETOWAH,"Alabama, AL",US,,,,,,,,,15.1
35902,256,GADSDEN,ETOWAH,"Alabama, AL",US,,,,,,,,,15.1
35903,256,GADSDEN,ETOWAH,"Alabama, AL",US,,,,,,,,,15.1
35904,256,GADSDEN,ETOWAH,"Alabama, AL",US,,,,,,,,,15.1
35905,256,GADSDEN,ETOWAH,"Alabama, AL",US,,,,,,,,,15.1
35907,256,GADSDEN,ETOWAH,"Alabama, AL",US,49,65,41,45,52,30,62,46,15.1
36540,334,GAINESTOWN,CLARKE,"Alabama, AL",US,43,65,30,40,40,21,74,34,15.8
35464,205,GAINESVILLE,SUMTER,"Alabama, AL",US,44,70,21,36,56,18,73,34,16
35972,256,GALLANT,ETOWAH,"Alabama, AL",US,47,61,35,37,58,30,62,51,15.1
36742,334,GALLION,MARENGO,"Alabama, AL",US,,,,,,,,,18.5
36742,334,GALLION,MARENGO,"Alabama, AL",US,38,65,23,23,60,17,45,16,18.5
36038,334,GANTT,COVINGTON,"Alabama, AL",US,45,59,23,38,60,29,64,39,15.5
35070,256,GARDEN CITY,CULLMAN,"Alabama, AL",US,43,55,29,47,60,27,55,28,13.7
35071,205,GARDENDALE,JEFFERSON,"Alabama, AL",US,48,50,39,32,55,50,60,47,12.3
35973,256,GAYLESVILLE,CHEROKEE,"Alabama, AL",US,40,64,23,33,60,26,50,24,14.9
36340,334,GENEVA,GENEVA,"Alabama, AL",US,46,61,45,49,60,14,43,47,14.7
36033,334,GEORGIANA,BUTLER,"Alabama, AL",US,42,72,37,33,30,17,66,42,16.4
35559,205,GLEN ALLEN,FAYETTE,"Alabama, AL",US,44,65,28,45,60,18,49,41,15.8
36034,334,GLENWOOD,CRENSHAW,"Alabama, AL",US,45,76,30,47,60,17,49,37,15.4
35560,205,GOODSPRINGS,WALKER,"Alabama, AL",US,45,43,32,34,76,26,51,53,15.5
35072,256,GOODWATER,COOSA,"Alabama, AL",US,40,56,38,34,80,12,47,32,16.7
36449,334,GOODWAY,MONROE,"Alabama, AL",US,43,59,27,41,57,26,53,40,16.1
35466,205,GORDO,PICKENS,"Alabama, AL",US,39,70,40,44,30,15,51,27,17.8
36343,334,GORDON,HOUSTON,"Alabama, AL",US,44,62,23,18,70,24,66,49,14
36035,334,GOSHEN,PIKE,"Alabama, AL",US,43,54,20,26,60,36,59,47,14
36036,334,GRADY,MONTGOMERY,"Alabama, AL",US,55,67,41,43,69,38,68,56,13.8
36263,256,GRAHAM,RANDOLPH,"Alabama, AL",US,37,60,29,43,32,18,51,24,16.1
36541,251,GRAND BAY,MOBILE,"Alabama, AL",US,49,65,33,48,54,32,60,50,13.9
35747,256,GRANT,MARSHALL,"Alabama, AL",US,44,55,27,41,60,30,51,46,13.5
35073,205,GRAYSVILLE,JEFFERSON,"Alabama, AL",US,46,59,36,25,46,51,60,47,12.3
35074,205,GREEN POND,BIBB,"Alabama, AL",US,39,43,31,34,57,17,34,53,13.2
36744,334,GREENSBORO,HALE,"Alabama, AL",US,,,,,,,,,17.2
36744,334,GREENSBORO,HALE,"Alabama, AL",US,40,69,42,36,60,17,45,13,17.2
36037,334,GREENVILLE,BUTLER,"Alabama, AL",US,44,68,42,43,28,17,66,41,16.4
36451,251,GROVE HILL,CLARKE,"Alabama, AL",US,42,65,29,43,43,17,72,26,15.8
35563,205,GUIN,MARION,"Alabama, AL",US,46,73,30,50,59,21,57,30,16.6
36542,251,GULF SHORES,BALDWIN,"Alabama, AL",US,,,,,,,,,10.8
36547,251,GULF SHORES,BALDWIN,"Alabama, AL",US,49,58,40,43,55,47,63,35,10.8
35976,256,GUNTERSVILLE,MARSHALL,"Alabama, AL",US,45,62,35,40,52,24,51,54,13.5
35748,256,GURLEY,MADISON,"Alabama, AL",US,51,62,37,32,65,51,64,50,11.7
35564,205,HACKLEBURG,MARION,"Alabama, AL",US,45,73,32,44,60,19,57,32,16.6
35565,205,HALEYVILLE,WINSTON,"Alabama, AL",US,48,71,41,48,61,15,56,45,12.2
35570,205,HAMILTON,MARION,"Alabama, AL",US,44,72,37,38,46,26,57,34,16.6
35077,256,HANCEVILLE,CULLMAN,"Alabama, AL",US,45,55,40,45,53,27,55,42,13.7
36039,334,HARDAWAY,MACON,"Alabama, AL",US,45,70,29,41,59,27,58,31,17.8
35078,205,HARPERSVILLE,SHELBY,"Alabama, AL",US,49,35,32,27,66,56,54,70,8.6
36344,334,HARTFORD,GENEVA,"Alabama, AL",US,45,61,46,44,61,21,43,41,14.7
35640,256,HARTSELLE,MORGAN,"Alabama, AL",US,51,57,43,41,74,33,59,48,13.6
35749,256,HARVEST,MADISON,"Alabama, AL",US,52,45,37,45,71,51,62,53,11.7
35079,205,HAYDEN,BLOUNT,"Alabama, AL",US,45,41,37,40,60,33,42,64,13.8
36040,334,HAYNEVILLE,LOWNDES,"Alabama, AL",US,39,63,33,27,59,17,55,18,23.5
35750,256,HAZEL GREEN,MADISON,"Alabama, AL",US,51,50,37,35,71,51,62,54,11.7
36345,334,HEADLAND,HENRY,"Alabama, AL",US,48,51,46,46,61,21,58,51,16.7
36264,256,HEFLIN,CLEBURNE,"Alabama, AL",US,39,58,40,34,39,24,44,37,13.3
35080,205,HELENA,SHELBY,"Alabama, AL",US,51,23,47,44,70,56,56,63,8.6
35979,256,HIGDON,JACKSON,"Alabama, AL",US,43,63,33,35,42,28,52,47,14.3
36041,334,HIGHLAND HOME,CRENSHAW,"Alabama, AL",US,43,65,29,41,60,19,49,41,15.4
35643,256,HILLSBORO,LAWRENCE,"Alabama, AL",US,44,57,38,14,80,19,48,55,15.7
35571,205,HODGES,FRANKLIN,"Alabama, AL",US,49,72,24,62,60,31,49,45,13.5
35082,205,HOLLINS,CLAY,"Alabama, AL",US,45,70,33,41,58,18,48,47,14.3
35083,205,HOLLY POND,CULLMAN,"Alabama, AL",US,44,55,34,34,60,27,55,40,13.7
35751,256,HOLLYTREE,JACKSON,"Alabama, AL",US,43,63,33,35,42,28,52,47,14.3
35752,256,HOLLYWOOD,JACKSON,"Alabama, AL",US,44,62,33,34,44,27,55,51,14.3
36042,334,HONORAVILLE,CRENSHAW,"Alabama, AL",US,43,65,29,41,60,19,49,41,15.4
36043,334,HOPE HULL,MONTGOMERY,"Alabama, AL",US,55,67,41,43,69,38,68,56,13.8
35980,205,HORTON,MARSHALL,"Alabama, AL",US,47,61,34,40,60,26,55,51,13.5
35572,205,HOUSTON,WINSTON,"Alabama, AL",US,45,65,30,40,60,20,56,46,12.2
35801,256,HUNTSVILLE,MADISON,"Alabama, AL",US,,,,,,,,,11.7
35802,256,HUNTSVILLE,MADISON,"Alabama, AL",US,,,,,,,,,11.7
35803,256,HUNTSVILLE,MADISON,"Alabama, AL",US,,,,,,,,,11.7
35804,256,HUNTSVILLE,MADISON,"Alabama, AL",US,,,,,,,,,11.7
35805,256,HUNTSVILLE,MADISON,"Alabama, AL",US,,,,,,,,,11.7
35806,256,HUNTSVILLE,MADISON,"Alabama, AL",US,,,,,,,,,11.7
35807,256,HUNTSVILLE,MADISON,"Alabama, AL",US,,,,,,,,,11.7
35808,256,HUNTSVILLE,MADISON,"Alabama, AL",US,,,,,,,,,11.7
35809,256,HUNTSVILLE,MADISON,"Alabama, AL",US,,,,,,,,,11.7
35810,256,HUNTSVILLE,MADISON,"Alabama, AL",US,,,,,,,,,11.7
35811,256,HUNTSVILLE,MADISON,"Alabama, AL",US,,,,,,,,,11.7
35812,256,HUNTSVILLE,MADISON,"Alabama, AL",US,,,,,,,,,11.7
35813,256,HUNTSVILLE,MADISON,"Alabama, AL",US,,,,,,,,,11.7
35814,256,HUNTSVILLE,MADISON,"Alabama, AL",US,,,,,,,,,11.7
35815,256,HUNTSVILLE,MADISON,"Alabama, AL",US,,,,,,,,,11.7
35816,256,HUNTSVILLE,MADISON,"Alabama, AL",US,,,,,,,,,11.7
35824,256,HUNTSVILLE,MADISON,"Alabama, AL",US,,,,,,,,,11.7
35893,256,HUNTSVILLE,MADISON,"Alabama, AL",US,,,,,,,,,11.7
35894,256,HUNTSVILLE,MADISON,"Alabama, AL",US,,,,,,,,,11.7
35895,256,HUNTSVILLE,MADISON,"Alabama, AL",US,,,,,,,,,11.7
35896,256,HUNTSVILLE,MADISON,"Alabama, AL",US,,,,,,,,,11.7
35897,256,HUNTSVILLE,MADISON,"Alabama, AL",US,,,,,,,,,11.7
35898,256,HUNTSVILLE,MADISON,"Alabama, AL",US,,,,,,,,,11.7
35899,256,HUNTSVILLE,MADISON,"Alabama, AL",US,54,57,47,49,65,51,65,43,11.7
36543,334,HUXFORD,ESCAMBIA,"Alabama, AL",US,41,57,32,38,46,19,48,45,16.1
36544,251,IRVINGTON,MOBILE,"Alabama, AL",US,51,70,40,47,55,32,71,40,13.9
36346,334,JACK,COFFEE,"Alabama, AL",US,50,58,34,42,61,36,68,51,14
36545,251,JACKSON,CLARKE,"Alabama, AL",US,47,63,44,44,42,23,79,33,15.8
36265,256,JACKSONVILLE,CALHOUN,"Alabama, AL",US,50,59,41,48,61,35,59,45,14.3
35501,205,JASPER,WALKER,"Alabama, AL",US,,,,,,,,,15.5
35502,205,JASPER,WALKER,"Alabama, AL",US,,,,,,,,,15.5
35503,205,JASPER,WALKER,"Alabama, AL",US,,,,,,,,,15.5
35504,205,JASPER,WALKER,"Alabama, AL",US,46,39,39,40,74,25,51,57,15.5
36745,334,JEFFERSON,MARENGO,"Alabama, AL",US,,,,,,,,,18.5
36745,334,JEFFERSON,MARENGO,"Alabama, AL",US,49,52,43,41,52,48,61,44,18.5
35085,205,JEMISON,CHILTON,"Alabama, AL",US,40,33,30,35,56,22,42,59,13.2
36749,334,JONES,AUTAUGA,"Alabama, AL",US,,,,,,,,,12
36749,334,JONES,AUTAUGA,"Alabama, AL",US,46,58,37,34,57,34,64,41,12
35087,256,JOPPA,CULLMAN,"Alabama, AL",US,44,52,34,39,56,27,55,46,13.7
35573,205,KANSAS,WALKER,"Alabama, AL",US,47,49,31,41,80,25,51,56,15.5
35468,205,KELLERMAN,TUSCALOOSA,"Alabama, AL",US,48,55,37,36,71,32,60,43,11.2
35089,256,KELLYTON,COOSA,"Alabama, AL",US,40,53,35,34,60,15,48,36,16.7
35574,205,KENNEDY,LAMAR,"Alabama, AL",US,42,68,30,39,26,23,71,39,16.1
36045,334,KENT,ELMORE,"Alabama, AL",US,43,65,20,25,60,36,59,32,12.6
35645,256,KILLEN,LAUDERDALE,"Alabama, AL",US,46,54,34,36,57,32,60,52,13
35091,205,KIMBERLY,JEFFERSON,"Alabama, AL",US,47,47,29,35,59,51,60,52,12.3
36453,334,KINSTON,COFFEE,"Alabama, AL",US,49,61,29,44,60,32,68,48,14
35469,205,KNOXVILLE,GREENE,"Alabama, AL",US,30,82,18,9,18,6,57,24,21
35754,256,LACEYS SPRING,MORGAN,"Alabama, AL",US,49,57,39,38,70,35,59,43,13.6
35755,256,LANGSTON,JACKSON,"Alabama, AL",US,43,60,27,46,45,27,48,48,14.3
36046,334,LAPINE,MONTGOMERY,"Alabama, AL",US,55,67,41,43,69,38,68,56,13.8
36793,334,LAWLEY,BIBB,"Alabama, AL",US,,,,,,,,,13.2
36793,334,LAWLEY,BIBB,"Alabama, AL",US,37,50,25,30,60,15,34,47,13.2
35094,205,LEEDS,JEFFERSON,"Alabama, AL",US,46,51,42,37,44,49,58,38,12.3
35983,256,LEESBURG,CHEROKEE,"Alabama, AL",US,39,58,25,40,58,24,50,19,14.9
35646,256,LEIGHTON,COLBERT,"Alabama, AL",US,48,67,30,20,76,31,62,52,16.8
36454,334,LENOX,CONECUH,"Alabama, AL",US,41,65,24,33,60,10,71,25,17.8
36548,251,LEROY,WASHINGTON,"Alabama, AL",US,39,51,25,40,38,20,59,38,16.3
35647,256,LESTER,LIMESTONE,"Alabama, AL",US,49,54,30,38,60,36,54,69,11.9
36047,334,LETOHATCHEE,LOWNDES,"Alabama, AL",US,37,63,28,23,58,16,55,13,23.5
35648,256,LEXINGTON,LAUDERDALE,"Alabama, AL",US,47,61,34,37,60,32,60,48,13
36549,251,LILLIAN,BALDWIN,"Alabama, AL",US,49,54,36,44,60,48,64,40,10.8
35096,205,LINCOLN,TALLADEGA,"Alabama, AL",US,45,58,29,21,72,29,59,45,13.6
36748,334,LINDEN,MARENGO,"Alabama, AL",US,,,,,,,,,18.5
36748,334,LINDEN,MARENGO,"Alabama, AL",US,53,65,37,59,60,17,80,52,18.5
36266,256,LINEVILLE,CLAY,"Alabama, AL",US,47,74,39,41,60,19,48,45,14.3
36550,251,LITTLE RIVER,BALDWIN,"Alabama, AL",US,47,65,23,24,66,40,63,46,10.8
35470,205,LIVINGSTON,SUMTER,"Alabama, AL",US,47,76,39,31,57,17,73,33,16
36455,334,LOCKHART,COVINGTON,"Alabama, AL",US,50,64,43,49,61,15,64,56,15.5
35097,205,LOCUST FORK,BLOUNT,"Alabama, AL",US,45,46,36,36,60,33,42,65,13.8
35098,256,LOGAN,CULLMAN,"Alabama, AL",US,43,45,28,39,60,27,55,47,13.7
36048,334,LOUISVILLE,BARBOUR,"Alabama, AL",US,40,66,24,61,29,14,52,32,16.2
36751,334,LOWER PEACH TREE,WILCOX,"Alabama, AL",US,,,,,,,,,20.1
36751,334,LOWER PEACH TREE,WILCOX,"Alabama, AL",US,36,56,28,34,42,16,53,22,20.1
36752,334,LOWNDESBORO,LOWNDES,"Alabama, AL",US,,,,,,,,,23.5
36752,334,LOWNDESBORO,LOWNDES,"Alabama, AL",US,36,61,27,22,60,17,55,7,23.5
36551,251,LOXLEY,BALDWIN,"Alabama, AL",US,49,57,36,40,63,41,63,43,10.8
36049,334,LUVERNE,CRENSHAW,"Alabama, AL",US,44,68,33,45,60,17,49,38,15.4
35575,205,LYNN,WINSTON,"Alabama, AL",US,45,66,26,34,60,26,56,45,12.2
35756,256,MADISON,LIMESTONE,"Alabama, AL",US,,,,,,,,,11.9
35757,256,MADISON,MADISON,"Alabama, AL",US,,,,,,,,,11.7
35758,256,MADISON,MADISON,"Alabama, AL",US,55,46,43,50,70,51,63,61,11.7
36754,334,MAGNOLIA,MARENGO,"Alabama, AL",US,,,,,,,,,18.5
36754,334,MAGNOLIA,MARENGO,"Alabama, AL",US,46,65,30,40,55,17,76,41,18.5
36555,251,MAGNOLIA SPRINGS,BALDWIN,"Alabama, AL",US,49,54,36,44,60,48,64,40,10.8
36556,334,MALCOLM,WASHINGTON,"Alabama, AL",US,39,51,25,40,38,20,59,38,16.3
36349,334,MALVERN,GENEVA,"Alabama, AL",US,42,52,33,41,60,21,43,44,14.7
36750,334,MAPLESVILLE,CHILTON,"Alabama, AL",US,,,,,,,,,13.2
36750,334,MAPLESVILLE,CHILTON,"Alabama, AL",US,38,39,25,27,58,18,42,57,13.2
36051,334,MARBURY,AUTAUGA,"Alabama, AL",US,46,58,37,34,57,34,64,41,12
36756,334,MARION,PERRY,"Alabama, AL",US,,,,,,,,,17.9
36756,334,MARION,PERRY,"Alabama, AL",US,42,67,46,41,33,14,57,37,17.9
36759,334,MARION JUNCTION,DALLAS,"Alabama, AL",US,,,,,,,,,17.5
36759,334,MARION JUNCTION,DALLAS,"Alabama, AL",US,45,63,33,47,58,13,74,29,17.5
36052,334,MATHEWS,MONTGOMERY,"Alabama, AL",US,48,59,38,43,58,32,60,44,13.8
35114,205,MAYLENE,SHELBY,"Alabama, AL",US,50,20,41,41,70,49,54,73,8.6
35111,205,MC CALLA,JEFFERSON,"Alabama, AL",US,49,52,43,41,52,48,61,44,12.3
36553,251,MC INTOSH,WASHINGTON,"Alabama, AL",US,38,50,28,30,34,20,62,39,16.3
36456,334,MC KENZIE,BUTLER,"Alabama, AL",US,41,75,20,38,31,17,66,40,16.4
35471,205,MC SHAN,PICKENS,"Alabama, AL",US,38,70,31,43,30,16,51,26,17.8
36753,334,MC WILLIAMS,WILCOX,"Alabama, AL",US,,,,,,,,,20.1
36753,334,MC WILLIAMS,WILCOX,"Alabama, AL",US,36,56,28,34,42,16,53,22,20.1
36457,334,MEGARGEL,MONROE,"Alabama, AL",US,43,59,27,41,57,26,53,40,16.1
35759,256,MERIDIANVILLE,MADISON,"Alabama, AL",US,52,47,38,41,66,51,73,47,11.7
36458,334,MEXIA,MONROE,"Alabama, AL",US,43,59,27,41,57,26,53,40,16.1
36350,334,MIDLAND CITY,DALE,"Alabama, AL",US,46,63,36,33,61,23,59,50,14.5
36053,334,MIDWAY,BULLOCK,"Alabama, AL",US,36,68,24,28,35,16,50,32,18.6
36054,334,MILLBROOK,ELMORE,"Alabama, AL",US,46,54,47,33,60,32,55,40,12.6
36267,256,MILLERVILLE,CLAY,"Alabama, AL",US,45,70,33,41,58,18,48,47,14.3
35576,205,MILLPORT,LAMAR,"Alabama, AL",US,46,69,31,39,49,26,71,36,16.1
36558,251,MILLRY,WASHINGTON,"Alabama, AL",US,40,51,24,48,42,20,59,37,16.3
36761,334,MINTER,DALLAS,"Alabama, AL",US,,,,,,,,,17.5
36761,334,MINTER,DALLAS,"Alabama, AL",US,45,63,33,47,58,13,74,29,17.5
36601,251,MOBILE,MOBILE,"Alabama, AL",US,,,,,,,,,13.9
36602,251,MOBILE,MOBILE,"Alabama, AL",US,,,,,,,,,13.9
36603,251,MOBILE,MOBILE,"Alabama, AL",US,,,,,,,,,13.9
36604,251,MOBILE,MOBILE,"Alabama, AL",US,,,,,,,,,13.9
36605,251,MOBILE,MOBILE,"Alabama, AL",US,,,,,,,,,13.9
36606,251,MOBILE,MOBILE,"Alabama, AL",US,,,,,,,,,13.9
36607,251,MOBILE,MOBILE,"Alabama, AL",US,,,,,,,,,13.9
36608,251,MOBILE,MOBILE,"Alabama, AL",US,,,,,,,,,13.9
36609,251,MOBILE,MOBILE,"Alabama, AL",US,,,,,,,,,13.9
36610,251,MOBILE,MOBILE,"Alabama, AL",US,,,,,,,,,13.9
36611,251,MOBILE,MOBILE,"Alabama, AL",US,,,,,,,,,13.9
36612,251,MOBILE,MOBILE,"Alabama, AL",US,,,,,,,,,13.9
36615,251,MOBILE,MOBILE,"Alabama, AL",US,,,,,,,,,13.9
36616,251,MOBILE,MOBILE,"Alabama, AL",US,,,,,,,,,13.9
36617,251,MOBILE,MOBILE,"Alabama, AL",US,,,,,,,,,13.9
36618,251,MOBILE,MOBILE,"Alabama, AL",US,,,,,,,,,13.9
36619,251,MOBILE,MOBILE,"Alabama, AL",US,,,,,,,,,13.9
36621,251,MOBILE,MOBILE,"Alabama, AL",US,,,,,,,,,13.9
36622,251,MOBILE,MOBILE,"Alabama, AL",US,,,,,,,,,13.9
36625,251,MOBILE,MOBILE,"Alabama, AL",US,,,,,,,,,13.9
36628,251,MOBILE,MOBILE,"Alabama, AL",US,,,,,,,,,13.9
36630,251,MOBILE,MOBILE,"Alabama, AL",US,,,,,,,,,13.9
36633,251,MOBILE,MOBILE,"Alabama, AL",US,,,,,,,,,13.9
36640,251,MOBILE,MOBILE,"Alabama, AL",US,,,,,,,,,13.9
36641,251,MOBILE,MOBILE,"Alabama, AL",US,,,,,,,,,13.9
36644,251,MOBILE,MOBILE,"Alabama, AL",US,,,,,,,,,13.9
36652,251,MOBILE,MOBILE,"Alabama, AL",US,,,,,,,,,13.9
36660,251,MOBILE,MOBILE,"Alabama, AL",US,,,,,,,,,13.9
36663,251,MOBILE,MOBILE,"Alabama, AL",US,,,,,,,,,13.9
36670,251,MOBILE,MOBILE,"Alabama, AL",US,,,,,,,,,13.9
36671,251,MOBILE,MOBILE,"Alabama, AL",US,,,,,,,,,13.9
36675,251,MOBILE,MOBILE,"Alabama, AL",US,,,,,,,,,13.9
36685,251,MOBILE,MOBILE,"Alabama, AL",US,,,,,,,,,13.9
36688,251,MOBILE,MOBILE,"Alabama, AL",US,,,,,,,,,13.9
36689,251,MOBILE,MOBILE,"Alabama, AL",US,,,,,,,,,13.9
36690,251,MOBILE,MOBILE,"Alabama, AL",US,,,,,,,,,13.9
36691,251,MOBILE,MOBILE,"Alabama, AL",US,,,,,,,,,13.9
36693,251,MOBILE,MOBILE,"Alabama, AL",US,,,,,,,,,13.9
36695,251,MOBILE,MOBILE,"Alabama, AL",US,51,65,43,61,51,32,65,42,13.9
36460,251,MONROEVILLE,MONROE,"Alabama, AL",US,,,,,,,,,16.1
36461,251,MONROEVILLE,MONROE,"Alabama, AL",US,,,,,,,,,16.1
36462,251,MONROEVILLE,MONROE,"Alabama, AL",US,47,61,37,49,60,26,53,41,16.1
35115,205,MONTEVALLO,SHELBY,"Alabama, AL",US,51,41,38,42,69,49,54,63,8.6
36101,334,MONTGOMERY,MONTGOMERY,"Alabama, AL",US,,,,,,,,,13.8
36102,334,MONTGOMERY,MONTGOMERY,"Alabama, AL",US,,,,,,,,,13.8
36103,334,MONTGOMERY,MONTGOMERY,"Alabama, AL",US,,,,,,,,,13.8
36104,334,MONTGOMERY,MONTGOMERY,"Alabama, AL",US,,,,,,,,,13.8
36105,334,MONTGOMERY,MONTGOMERY,"Alabama, AL",US,,,,,,,,,13.8
36106,334,MONTGOMERY,MONTGOMERY,"Alabama, AL",US,,,,,,,,,13.8
36107,334,MONTGOMERY,MONTGOMERY,"Alabama, AL",US,,,,,,,,,13.8
36108,334,MONTGOMERY,MONTGOMERY,"Alabama, AL",US,,,,,,,,,13.8
36109,334,MONTGOMERY,MONTGOMERY,"Alabama, AL",US,,,,,,,,,13.8
36110,334,MONTGOMERY,MONTGOMERY,"Alabama, AL",US,,,,,,,,,13.8
36111,334,MONTGOMERY,MONTGOMERY,"Alabama, AL",US,,,,,,,,,13.8
36112,334,MONTGOMERY,MONTGOMERY,"Alabama, AL",US,,,,,,,,,13.8
36113,334,MONTGOMERY,MONTGOMERY,"Alabama, AL",US,,,,,,,,,13.8
36114,334,MONTGOMERY,MONTGOMERY,"Alabama, AL",US,,,,,,,,,13.8
36115,334,MONTGOMERY,MONTGOMERY,"Alabama, AL",US,,,,,,,,,13.8
36116,334,MONTGOMERY,MONTGOMERY,"Alabama, AL",US,,,,,,,,,13.8
36117,334,MONTGOMERY,MONTGOMERY,"Alabama, AL",US,,,,,,,,,13.8
36118,334,MONTGOMERY,MONTGOMERY,"Alabama, AL",US,,,,,,,,,13.8
36119,334,MONTGOMERY,MONTGOMERY,"Alabama, AL",US,,,,,,,,,13.8
36120,334,MONTGOMERY,MONTGOMERY,"Alabama, AL",US,,,,,,,,,13.8
36121,334,MONTGOMERY,MONTGOMERY,"Alabama, AL",US,,,,,,,,,13.8
36123,334,MONTGOMERY,MONTGOMERY,"Alabama, AL",US,,,,,,,,,13.8
36124,334,MONTGOMERY,MONTGOMERY,"Alabama, AL",US,,,,,,,,,13.8
36125,334,MONTGOMERY,MONTGOMERY,"Alabama, AL",US,,,,,,,,,13.8
36130,334,MONTGOMERY,MONTGOMERY,"Alabama, AL",US,,,,,,,,,13.8
36131,334,MONTGOMERY,MONTGOMERY,"Alabama, AL",US,,,,,,,,,13.8
36132,334,MONTGOMERY,MONTGOMERY,"Alabama, AL",US,,,,,,,,,13.8
36133,334,MONTGOMERY,MONTGOMERY,"Alabama, AL",US,,,,,,,,,13.8
36134,334,MONTGOMERY,MONTGOMERY,"Alabama, AL",US,,,,,,,,,13.8
36135,334,MONTGOMERY,MONTGOMERY,"Alabama, AL",US,,,,,,,,,13.8
36140,334,MONTGOMERY,MONTGOMERY,"Alabama, AL",US,,,,,,,,,13.8
36141,334,MONTGOMERY,MONTGOMERY,"Alabama, AL",US,,,,,,,,,13.8
36142,334,MONTGOMERY,MONTGOMERY,"Alabama, AL",US,,,,,,,,,13.8
36177,334,MONTGOMERY,MONTGOMERY,"Alabama, AL",US,,,,,,,,,13.8
36191,334,MONTGOMERY,MONTGOMERY,"Alabama, AL",US,55,68,43,46,69,38,68,56,13.8
36559,251,MONTROSE,BALDWIN,"Alabama, AL",US,54,53,47,58,64,54,63,36,10.8
35649,256,MOORESVILLE,LIMESTONE,"Alabama, AL",US,42,49,36,11,45,39,54,58,11.9
35116,205,MORRIS,JEFFERSON,"Alabama, AL",US,48,50,34,39,50,51,60,55,12.3
36762,334,MORVIN,CLARKE,"Alabama, AL",US,,,,,,,,,15.8
36762,334,MORVIN,CLARKE,"Alabama, AL",US,43,65,30,40,40,21,74,34,15.8
35650,256,MOULTON,LAWRENCE,"Alabama, AL",US,49,70,48,27,81,15,50,49,15.7
35474,205,MOUNDVILLE,HALE,"Alabama, AL",US,42,58,32,39,63,21,50,26,17.2
35651,256,MOUNT HOPE,LAWRENCE,"Alabama, AL",US,46,55,34,26,80,15,48,61,15.7
36057,334,MOUNT MEIGS,MONTGOMERY,"Alabama, AL",US,55,67,41,43,69,38,68,56,13.8
35117,205,MOUNT OLIVE,JEFFERSON,"Alabama, AL",US,47,41,32,31,58,51,60,53,12.3
36560,251,MOUNT VERNON,MOBILE,"Alabama, AL",US,44,68,23,38,41,32,60,45,13.9
35118,205,MULGA,JEFFERSON,"Alabama, AL",US,48,60,31,33,60,51,60,44,12.3
36268,256,MUNFORD,TALLADEGA,"Alabama, AL",US,44,64,31,20,58,20,65,50,13.6
36269,256,MUSCADINE,CLEBURNE,"Alabama, AL",US,39,57,30,33,43,28,44,40,13.3
35661,256,MUSCLE SHOALS,COLBERT,"Alabama, AL",US,,,,,,,,,16.8
35662,256,MUSCLE SHOALS,COLBERT,"Alabama, AL",US,55,56,48,50,69,31,62,69,16.8
36763,334,MYRTLEWOOD,MARENGO,"Alabama, AL",US,,,,,,,,,18.5
36763,334,MYRTLEWOOD,MARENGO,"Alabama, AL",US,47,62,19,31,60,17,76,65,18.5
36764,334,NANAFALIA,MARENGO,"Alabama, AL",US,,,,,,,,,18.5
36764,334,NANAFALIA,MARENGO,"Alabama, AL",US,46,65,30,40,55,17,76,41,18.5
35577,205,NATURAL BRIDGE,WINSTON,"Alabama, AL",US,46,67,26,31,60,26,56,54,12.2
35578,205,NAUVOO,WALKER,"Alabama, AL",US,44,44,25,34,80,25,51,50,15.5
36351,334,NEW BROCKTON,COFFEE,"Alabama, AL",US,47,59,27,26,60,37,68,50,14
35119,205,NEW CASTLE,JEFFERSON,"Alabama, AL",US,46,44,33,34,61,51,60,42,12.3
35760,256,NEW HOPE,MADISON,"Alabama, AL",US,52,58,33,32,71,51,62,56,11.7
35761,256,NEW MARKET,MADISON,"Alabama, AL",US,52,56,30,45,71,51,62,49,11.7
36765,334,NEWBERN,HALE,"Alabama, AL",US,,,,,,,,,17.2
36765,334,NEWBERN,HALE,"Alabama, AL",US,35,66,26,17,60,17,45,16,17.2
36352,334,NEWTON,DALE,"Alabama, AL",US,46,64,39,27,61,24,58,46,14.5
36353,334,NEWVILLE,HENRY,"Alabama, AL",US,44,54,29,44,60,21,58,42,16.7
35762,256,NORMAL,MADISON,"Alabama, AL",US,52,63,44,50,66,51,63,28,11.7
35473,205,NORTHPORT,TUSCALOOSA,"Alabama, AL",US,,,,,,,,,11.2
35475,205,NORTHPORT,TUSCALOOSA,"Alabama, AL",US,,,,,,,,,11.2
35476,205,NORTHPORT,TUSCALOOSA,"Alabama, AL",US,49,54,40,39,66,32,62,47,11.2
36766,251,OAK HILL,WILCOX,"Alabama, AL",US,46,49,25,35,80,25,51,55,20.1
36766,251,OAK HILL,WILCOX,"Alabama, AL",US,36,53,30,37,42,20,53,15,20.1
35579,205,OAKMAN,WALKER,"Alabama, AL",US,46,49,25,35,80,25,51,55,15.5
36271,256,OHATCHEE,CALHOUN,"Alabama, AL",US,46,57,31,29,61,34,60,48,14.3
35121,205,ONEONTA,BLOUNT,"Alabama, AL",US,47,46,49,41,61,21,42,69,13.8
36801,334,OPELIKA,LEE,"Alabama, AL",US,,,,,,,,,9.7
36802,334,OPELIKA,LEE,"Alabama, AL",US,,,,,,,,,9.7
36803,334,OPELIKA,LEE,"Alabama, AL",US,,,,,,,,,9.7
36804,334,OPELIKA,LEE,"Alabama, AL",US,,,,,,,,,9.7
36801,334,OPELIKA,LEE,"Alabama, AL",US,,,,,,,,,9.7
36802,334,OPELIKA,LEE,"Alabama, AL",US,,,,,,,,,9.7
36803,334,OPELIKA,LEE,"Alabama, AL",US,,,,,,,,,9.7
36804,334,OPELIKA,LEE,"Alabama, AL",US,46,58,43,57,28,46,50,43,9.7
36467,334,OPP,COVINGTON,"Alabama, AL",US,48,64,40,40,61,28,64,39,15.5
36561,251,ORANGE BEACH,BALDWIN,"Alabama, AL",US,50,50,36,47,66,48,63,40,10.8
36767,334,ORRVILLE,DALLAS,"Alabama, AL",US,,,,,,,,,17.5
36767,334,ORRVILLE,DALLAS,"Alabama, AL",US,43,70,22,40,60,13,74,23,17.5
35763,256,OWENS CROSS ROADS,MADISON,"Alabama, AL",US,50,51,33,32,71,51,62,50,11.7
36203,256,OXFORD,CALHOUN,"Alabama, AL",US,45,56,37,32,47,32,63,51,14.3
36360,334,OZARK,DALE,"Alabama, AL",US,,,,,,,,,14.5
36361,334,OZARK,DALE,"Alabama, AL",US,48,61,41,45,61,28,58,39,14.5
35764,256,PAINT ROCK,JACKSON,"Alabama, AL",US,41,62,30,20,45,36,48,49,14.3
35123,205,PALMERDALE,JEFFERSON,"Alabama, AL",US,49,52,43,41,52,48,61,44,12.3
35477,205,PANOLA,SUMTER,"Alabama, AL",US,44,62,27,41,60,26,49,45,16
36370,334,PANSEY,HOUSTON,"Alabama, AL",US,49,56,36,42,71,24,67,45,14
35580,205,PARRISH,WALKER,"Alabama, AL",US,46,45,35,37,78,25,51,51,15.5
35124,205,PELHAM,SHELBY,"Alabama, AL",US,50,29,47,37,57,55,56,65,8.6
36562,251,PERDIDO,BALDWIN,"Alabama, AL",US,49,54,36,44,60,48,64,40,10.8
36470,334,PERDUE HILL,MONROE,"Alabama, AL",US,43,59,27,41,57,26,53,40,16.1
36061,334,PEROTE,BULLOCK,"Alabama, AL",US,38,68,31,37,35,16,50,30,18.6
36471,251,PETERMAN,MONROE,"Alabama, AL",US,49,53,35,38,76,24,66,54,16.1
35478,205,PETERSON,TUSCALOOSA,"Alabama, AL",US,48,55,37,35,71,32,60,43,11.2
36062,334,PETREY,CRENSHAW,"Alabama, AL",US,42,60,25,36,60,26,49,37,15.4
35581,205,PHIL CAMPBELL,FRANKLIN,"Alabama, AL",US,45,69,31,33,60,24,49,47,13.5
36272,256,PIEDMONT,CALHOUN,"Alabama, AL",US,49,64,40,38,61,27,55,59,14.3
36064,334,PIKE ROAD,MONTGOMERY,"Alabama, AL",US,44,60,31,27,61,23,58,50,13.8
36371,334,PINCKARD,DALE,"Alabama, AL",US,44,60,31,27,61,23,58,50,14.5
36768,251,PINE APPLE,WILCOX,"Alabama, AL",US,36,53,30,37,42,20,53,15,20.1
36768,251,PINE APPLE,WILCOX,"Alabama, AL",US,,,,,,,,,20.1
36769,334,PINE HILL,WILCOX,"Alabama, AL",US,36,58,35,32,42,11,53,23,20.1
36769,334,PINE HILL,WILCOX,"Alabama, AL",US,,,,,,,,,20.1
36065,334,PINE LEVEL,MONTGOMERY,"Alabama, AL",US,42,53,32,19,47,36,63,42,13.8
35126,205,PINSON,JEFFERSON,"Alabama, AL",US,48,50,36,35,60,51,61,45,12.3
35765,256,PISGAH,JACKSON,"Alabama, AL",US,42,66,29,35,45,27,48,42,14.3
36758,334,PLANTERSVILLE,DALLAS,"Alabama, AL",US,,,,,,,,,17.5
36758,334,PLANTERSVILLE,DALLAS,"Alabama, AL",US,39,63,22,23,60,13,74,21,17.5
35127,205,PLEASANT GROVE,JEFFERSON,"Alabama, AL",US,49,44,38,39,60,50,60,49,12.3
36564,251,POINT CLEAR,BALDWIN,"Alabama, AL",US,53,60,38,54,66,56,63,33,10.8
36066,334,PRATTVILLE,AUTAUGA,"Alabama, AL",US,,,,,,,,,12
36067,334,PRATTVILLE,AUTAUGA,"Alabama, AL",US,,,,,,,,,12
36068,334,PRATTVILLE,AUTAUGA,"Alabama, AL",US,48,58,45,38,59,33,64,40,12
35766,256,PRINCETON,JACKSON,"Alabama, AL",US,43,63,33,35,42,28,52,47,14.3
35130,205,QUINTON,WALKER,"Alabama, AL",US,45,43,32,34,76,26,51,53,15.5
35906,256,RAINBOW CITY,ETOWAH,"Alabama, AL",US,47,58,36,38,56,30,62,53,15.1
35480,205,RALPH,TUSCALOOSA,"Alabama, AL",US,48,55,37,35,71,32,60,43,11.2
36069,334,RAMER,MONTGOMERY,"Alabama, AL",US,55,67,41,43,69,38,68,56,13.8
36273,256,RANBURNE,CLEBURNE,"Alabama, AL",US,43,55,32,42,48,37,44,39,13.3
36792,334,RANDOLPH,BIBB,"Alabama, AL",US,39,43,31,34,57,17,34,53,13.2
36792,334,RANDOLPH,BIBB,"Alabama, AL",US,,,,,,,,,13.2
36473,334,RANGE,CONECUH,"Alabama, AL",US,41,65,24,33,60,10,71,25,17.8
35582,256,RED BAY,FRANKLIN,"Alabama, AL",US,46,71,41,40,61,11,49,47,13.5
36474,334,RED LEVEL,COVINGTON,"Alabama, AL",US,46,65,25,30,60,29,64,49,15.5
35481,205,REFORM,PICKENS,"Alabama, AL",US,36,71,29,40,30,15,51,20,17.8
35133,205,REMLAP,BLOUNT,"Alabama, AL",US,44,44,37,34,59,29,42,65,13.8
36475,251,REPTON,CONECUH,"Alabama, AL",US,39,61,21,23,60,15,70,27,17.8
36476,334,RIVER FALLS,COVINGTON,"Alabama, AL",US,47,65,34,37,57,29,64,41,15.5
36274,334,ROANOKE,RANDOLPH,"Alabama, AL",US,40,61,40,50,33,18,51,29,16.1
36567,251,ROBERTSDALE,BALDWIN,"Alabama, AL",US,51,58,38,49,62,46,63,40,10.8
35136,256,ROCKFORD,COOSA,"Alabama, AL",US,40,55,37,24,60,11,54,35,16.7
35652,256,ROGERSVILLE,LAUDERDALE,"Alabama, AL",US,51,62,46,42,61,32,60,54,13
35653,256,RUSSELLVILLE,FRANKLIN,"Alabama, AL",US,50,70,49,46,60,24,49,52,13.5
35654,256,RUSSELLVILLE,FRANKLIN,"Alabama, AL",US,,,,,,,,,13.5
36071,334,RUTLEDGE,CRENSHAW,"Alabama, AL",US,43,64,29,39,60,17,49,41,15.4
35767,256,RYLAND,MADISON,"Alabama, AL",US,53,52,42,46,67,51,64,48,11.7
36773,334,SAFFORD,DALLAS,"Alabama, AL",US,45,63,33,47,58,13,74,29,17.5
36773,334,SAFFORD,DALLAS,"Alabama, AL",US,,,,,,,,,17.5
35137,205,SAGINAW,SHELBY,"Alabama, AL",US,50,26,43,40,64,53,56,65,8.6
36568,251,SAINT ELMO,MOBILE,"Alabama, AL",US,50,63,38,55,50,32,65,44,13.9
36569,334,SAINT STEPHENS,WASHINGTON,"Alabama, AL",US,39,51,25,40,38,20,59,38,16.3
35482,205,SAMANTHA,TUSCALOOSA,"Alabama, AL",US,48,55,37,35,71,32,60,43,11.2
36477,334,SAMSON,GENEVA,"Alabama, AL",US,47,68,41,48,60,14,43,55,14.7
36571,251,SARALAND,MOBILE,"Alabama, AL",US,50,64,40,49,48,32,66,62,13.9
36775,334,SARDIS,DALLAS,"Alabama, AL",US,,,,,,,,,17.5
36775,334,SARDIS,DALLAS,"Alabama, AL",US,47,51,27,36,80,25,51,56,17.5
36572,251,SATSUMA,MOBILE,"Alabama, AL",US,49,57,44,49,47,32,66,47,13.9
36776,334,SAWYERVILLE,HALE,"Alabama, AL",US,38,65,32,32,60,17,45,16,17.2
36776,334,SAWYERVILLE,HALE,"Alabama, AL",US,,,,,,,,,17.2
35139,205,SAYRE,JEFFERSON,"Alabama, AL",US,49,52,43,41,52,48,61,44,12.3
35768,256,SCOTTSBORO,JACKSON,"Alabama, AL",US,45,62,42,39,40,27,62,43,14.3
35769,256,SCOTTSBORO,JACKSON,"Alabama, AL",US,,,,,,,,,14.3
35771,256,SECTION,JACKSON,"Alabama, AL",US,43,61,30,36,45,27,48,52,14.3
36701,334,SELMA,DALLAS,"Alabama, AL",US,,,,,,,,,17.5
36702,334,SELMA,DALLAS,"Alabama, AL",US,,,,,,,,,17.5
36703,334,SELMA,DALLAS,"Alabama, AL",US,48,64,42,57,58,13,74,30,17.5
36574,251,SEMINOLE,BALDWIN,"Alabama, AL",US,49,54,36,44,60,48,64,40,10.8
36575,251,SEMMES,MOBILE,"Alabama, AL",US,50,63,38,55,50,32,65,44,13.9
35142,205,SHANNON,JEFFERSON,"Alabama, AL",US,47,56,37,42,57,35,59,46,12.3
35660,256,SHEFFIELD,COLBERT,"Alabama, AL",US,56,64,47,57,75,31,62,55,16.8
35143,205,SHELBY,SHELBY,"Alabama, AL",US,50,26,43,40,64,53,56,65,8.6
36075,334,SHORTER,MACON,"Alabama, AL",US,40,68,30,17,49,26,58,30,17.8
36373,334,SHORTERVILLE,HENRY,"Alabama, AL",US,45,56,35,37,61,21,58,48,16.7
35144,205,SILURIA,SHELBY,"Alabama, AL",US,48,31,42,35,54,49,57,69,8.6
36576,251,SILVERHILL,BALDWIN,"Alabama, AL",US,50,55,36,49,56,48,63,44,10.8
35584,205,SIPSEY,WALKER,"Alabama, AL",US,46,44,32,34,80,27,51,57,15.5
36374,334,SKIPPERVILLE,DALE,"Alabama, AL",US,47,60,36,41,60,25,59,46,14.5
36375,334,SLOCOMB,GENEVA,"Alabama, AL",US,43,53,34,39,60,21,43,49,14.7
35670,256,SOMERVILLE,MORGAN,"Alabama, AL",US,63,58,81,82,50,61,67,40,13.6
36527,251,SPANISH FORT,BALDWIN,"Alabama, AL",US,50,50,43,44,60,49,66,36,10.8
36577,251,SPANISH FORT,BALDWIN,"Alabama, AL",US,,,,,,,,,10.8
36275,256,SPRING GARDEN,CHEROKEE,"Alabama, AL",US,46,79,38,39,27,46,60,33,14.9
35585,205,SPRUCE PINE,FRANKLIN,"Alabama, AL",US,39,35,30,33,56,23,42,57,13.5
36790,334,STANTON,CHILTON,"Alabama, AL",US,,,,,,,,,13.2
36790,334,STANTON,CHILTON,"Alabama, AL",US,39,35,30,33,56,23,42,57,13.2
36578,251,STAPLETON,BALDWIN,"Alabama, AL",US,49,54,36,44,60,48,64,40,10.8
35147,205,STERRETT,SHELBY,"Alabama, AL",US,50,26,43,40,64,53,56,65,8.6
35772,256,STEVENSON,JACKSON,"Alabama, AL",US,47,78,39,43,45,23,51,49,14.3
36579,251,STOCKTON,BALDWIN,"Alabama, AL",US,49,54,36,44,60,48,64,40,10.8
35586,205,SULLIGENT,LAMAR,"Alabama, AL",US,48,73,41,39,60,18,71,33,16.1
35148,205,SUMITON,WALKER,"Alabama, AL",US,47,46,36,39,70,33,51,54,15.5
36580,251,SUMMERDALE,BALDWIN,"Alabama, AL",US,47,60,28,38,55,48,63,37,10.8
36581,205,SUNFLOWER,WASHINGTON,"Alabama, AL",US,39,51,25,40,38,20,59,38,16.3
36782,334,SWEET WATER,MARENGO,"Alabama, AL",US,45,66,20,38,60,18,76,40,18.5
35149,256,SYCAMORE,TALLADEGA,"Alabama, AL",US,49,57,41,39,79,32,57,39,13.6
35150,256,SYLACAUGA,TALLADEGA,"Alabama, AL",US,50,69,41,39,79,20,60,43,13.6
35151,256,SYLACAUGA,TALLADEGA,"Alabama, AL",US,,,,,,,,,13.6
35160,256,TALLADEGA,TALLADEGA,"Alabama, AL",US,49,69,39,42,80,20,59,36,13.6
35161,256,TALLADEGA,TALLADEGA,"Alabama, AL",US,,,,,,,,,13.6
36078,334,TALLASSEE,ELMORE,"Alabama, AL",US,46,63,43,45,52,23,58,36,12.6
35671,256,TANNER,LIMESTONE,"Alabama, AL",US,48,52,38,38,59,36,57,57,11.9
36582,251,THEODORE,MOBILE,"Alabama, AL",US,45,61,37,42,37,32,62,41,13.9
36590,251,THEODORE,MOBILE,"Alabama, AL",US,,,,,,,,,13.9
36783,334,THOMASTON,MARENGO,"Alabama, AL",US,45,66,19,38,60,17,76,42,18.5
36784,334,THOMASVILLE,CLARKE,"Alabama, AL",US,,,,,,,,,15.8
36784,334,THOMASVILLE,CLARKE,"Alabama, AL",US,47,71,38,45,44,20,72,40,15.8
35171,205,THORSBY,CHILTON,"Alabama, AL",US,39,30,35,35,56,22,42,55,13.2
36583,334,TIBBIE,WASHINGTON,"Alabama, AL",US,39,51,25,40,38,20,59,38,16.3
36080,334,TITUS,ELMORE,"Alabama, AL",US,45,56,40,35,59,32,55,38,12.6
35773,256,TONEY,MADISON,"Alabama, AL",US,53,52,42,46,67,51,64,48,11.7
35672,256,TOWN CREEK,LAWRENCE,"Alabama, AL",US,45,63,34,22,80,15,48,52,15.7
35587,205,TOWNLEY,WALKER,"Alabama, AL",US,45,43,32,34,76,26,51,53,15.5
35172,205,TRAFFORD,JEFFERSON,"Alabama, AL",US,47,48,27,37,59,51,60,50,12.3
35774,256,TRENTON,JACKSON,"Alabama, AL",US,43,63,33,35,42,28,52,47,14.3
35673,256,TRINITY,MORGAN,"Alabama, AL",US,48,46,35,39,74,35,59,46,13.6
36079,334,TROY,PIKE,"Alabama, AL",US,,,,,,,,,14
36081,334,TROY,PIKE,"Alabama, AL",US,,,,,,,,,14
36082,334,TROY,PIKE,"Alabama, AL",US,47,66,39,53,48,36,59,32,14
35173,205,TRUSSVILLE,JEFFERSON,"Alabama, AL",US,47,43,37,31,53,51,62,53,12.3
35401,205,TUSCALOOSA,TUSCALOOSA,"Alabama, AL",US,49,60,43,40,70,32,59,38,11.2
35402,205,TUSCALOOSA,TUSCALOOSA,"Alabama, AL",US,,,,,,,,,11.2
35403,205,TUSCALOOSA,TUSCALOOSA,"Alabama, AL",US,,,,,,,,,11.2
35404,205,TUSCALOOSA,TUSCALOOSA,"Alabama, AL",US,,,,,,,,,11.2
35405,205,TUSCALOOSA,TUSCALOOSA,"Alabama, AL",US,,,,,,,,,11.2
35406,205,TUSCALOOSA,TUSCALOOSA,"Alabama, AL",US,,,,,,,,,11.2
35407,205,TUSCALOOSA,TUSCALOOSA,"Alabama, AL",US,,,,,,,,,11.2
35485,205,TUSCALOOSA,TUSCALOOSA,"Alabama, AL",US,,,,,,,,,11.2
35486,205,TUSCALOOSA,TUSCALOOSA,"Alabama, AL",US,,,,,,,,,11.2
35487,205,TUSCALOOSA,TUSCALOOSA,"Alabama, AL",US,,,,,,,,,11.2
35674,256,TUSCUMBIA,COLBERT,"Alabama, AL",US,56,64,46,51,76,31,62,60,16.8
36083,334,TUSKEGEE,MACON,"Alabama, AL",US,48,73,37,51,61,28,58,27,17.8
36087,334,TUSKEGEE,MACON,"Alabama, AL",US,,,,,,,,,17.8
36088,334,TUSKEGEE,MACON,"Alabama, AL",US,,,,,,,,,17.8
36785,334,TYLER,LOWNDES,"Alabama, AL",US,,,,,,,,,23.5
36785,334,TYLER,LOWNDES,"Alabama, AL",US,45,63,33,47,58,13,74,29,23.5
35175,256,UNION GROVE,MARSHALL,"Alabama, AL",US,56,49,58,57,48,50,67,61,13.5
36089,334,UNION SPRINGS,BULLOCK,"Alabama, AL",US,40,72,35,38,35,16,50,30,18.6
36786,334,UNIONTOWN,PERRY,"Alabama, AL",US,,,,,,,,,17.9
36786,334,UNIONTOWN,PERRY,"Alabama, AL",US,44,75,50,43,33,14,57,37,17.9
36480,251,URIAH,MONROE,"Alabama, AL",US,43,59,27,41,57,26,53,40,16.1
35775,256,VALHERMOSO SPRINGS,MORGAN,"Alabama, AL",US,49,57,39,38,70,35,59,43,13.6
35490,205,VANCE,TUSCALOOSA,"Alabama, AL",US,41,47,28,21,64,29,54,46,11.2
35176,205,VANDIVER,SHELBY,"Alabama, AL",US,50,26,43,40,64,53,56,65,8.6
36091,205,VERBENA,CHILTON,"Alabama, AL",US,39,35,30,33,56,23,42,57,13.2
35592,205,VERNON,LAMAR,"Alabama, AL",US,49,70,46,46,61,18,71,28,16.1
35593,205,VINA,FRANKLIN,"Alabama, AL",US,42,68,25,34,60,11,49,50,13.5
35178,205,VINCENT,SHELBY,"Alabama, AL",US,50,39,35,34,68,56,54,66,8.6
36584,334,VINEGAR BEND,WASHINGTON,"Alabama, AL",US,39,51,25,40,38,20,59,38,16.3
35179,256,VINEMONT,CULLMAN,"Alabama, AL",US,44,57,35,39,55,27,55,40,13.7
36481,334,VREDENBURGH,MONROE,"Alabama, AL",US,43,66,16,35,60,26,53,41,16.1
36276,256,WADLEY,RANDOLPH,"Alabama, AL",US,36,67,25,38,33,18,51,19,16.1
36585,334,WAGARVILLE,WASHINGTON,"Alabama, AL",US,39,51,25,40,38,20,59,38,16.3
35990,205,WALNUT GROVE,ETOWAH,"Alabama, AL",US,47,71,25,25,63,28,60,59,15.1
35180,205,WARRIOR,JEFFERSON,"Alabama, AL",US,47,60,34,26,50,51,60,51,12.3
35677,256,WATERLOO,LAUDERDALE,"Alabama, AL",US,46,67,20,35,60,32,60,47,13
35181,205,WATSON,JEFFERSON,"Alabama, AL",US,45,50,26,24,54,51,64,43,12.3
36277,256,WEAVER,CALHOUN,"Alabama, AL",US,47,56,32,37,61,34,61,48,14.3
36376,334,WEBB,HOUSTON,"Alabama, AL",US,50,56,30,38,77,24,66,55,14
36278,256,WEDOWEE,RANDOLPH,"Alabama, AL",US,34,61,24,34,32,18,51,20,16.1
36279,256,WELLINGTON,CALHOUN,"Alabama, AL",US,46,58,35,36,56,33,60,45,14.3
35183,256,WEOGUFKA,COOSA,"Alabama, AL",US,40,53,35,34,60,15,48,36,16.7
35184,205,WEST BLOCTON,BIBB,"Alabama, AL",US,40,40,31,38,60,18,34,57,13.2
35491,205,WEST GREENE,GREENE,"Alabama, AL",US,33,82,25,26,21,5,57,17,21
35185,205,WESTOVER,SHELBY,"Alabama, AL",US,50,26,43,40,64,53,56,65,8.6
36092,334,WETUMPKA,ELMORE,"Alabama, AL",US,,,,,,,,,12.6
36093,334,WETUMPKA,ELMORE,"Alabama, AL",US,47,59,47,39,56,33,55,40,12.6
36482,251,WHATLEY,CLARKE,"Alabama, AL",US,43,65,30,40,40,21,74,34,15.8
36587,251,WILMER,MOBILE,"Alabama, AL",US,50,63,38,55,50,32,65,44,13.9
35186,205,WILSONVILLE,SHELBY,"Alabama, AL",US,44,32,30,34,35,56,54,66,8.6
35187,205,WILTON,SHELBY,"Alabama, AL",US,50,39,38,39,63,49,54,66,8.6
35594,205,WINFIELD,MARION,"Alabama, AL",US,48,68,43,49,60,21,57,42,16.6
36483,334,WING,COVINGTON,"Alabama, AL",US,47,61,33,40,60,26,64,42,15.5
36280,256,WOODLAND,RANDOLPH,"Alabama, AL",US,36,59,31,47,33,18,51,14,16.1
35188,205,WOODSTOCK,BIBB,"Alabama, AL",US,41,40,36,37,60,18,34,60,13.2
35776,256,WOODVILLE,JACKSON,"Alabama, AL",US,43,64,30,26,45,36,49,52,14.3